{
    "birlesim": {
        "sonuc": [
            1,
            2,
            3,
            4,
            5,
            6,
            7,
            8,
            9,
            10,
            11,
            12,
            13,
            14,
            15,
            16,
            17,
            18,
            19,
            20,
            21,
            22,
            23,
            24,
            25,
            26,
            27,
            28,
            29,
            30,
            35,
            40,
            41,
            42,
            43,
            44,
            45,
            50,
            60
        ],
        "sure_saniye": 1.2899981811642647e-05
    },
    "kesisim": {
        "sonuc": [
            5,
            6,
            7,
            8,
            9,
            10,
            15,
            16,
            17,
            18,
            19,
            20,
            21,
            22,
            23,
            24,
            25,
            30,
            40,
            45,
            50
        ],
        "sure_saniye": 1.1899974197149277e-05
    },
    "fark_liste1_eksi_liste2": {
        "sonuc": [
            1,
            2,
            3,
            4,
            35,
            11,
            12,
            13,
            14
        ],
        "sure_saniye": 3.100023604929447e-06
    },
    "fark_liste2_eksi_liste1": {
        "sonuc": [
            41,
            42,
            43,
            44,
            60,
            26,
            27,
            28,
            29
        ],
        "sure_saniye": 2.500019036233425e-06
    }
}